{"stats":{"minecraft:broken":{"exnihilosequentia:wooden_crook":3},"minecraft:picked_up":{"exnihilosequentia:basalt_pebble":235,"minecraft:stick":40,"exnihilosequentia:blackstone_pebble":219,"minecraft:gravel":19,"exnihilosequentia:string_mesh":2,"minecraft:flint":6,"exnihilosequentia:andesite_pebble":236,"minecraft:oak_log":56,"exnihilosequentia:diorite_pebble":259,"exnihilosequentia:granite_pebble":225,"exnihilosequentia:stone_pebble":1107,"exnihilosequentia:silkworm":88,"minecraft:string":180,"minecraft:apple":8,"exnihilosequentia:oak_sieve":1,"minecraft:oak_sapling":73},"minecraft:crafted":{"tconstruct:pattern":6,"minecraft:oak_slab":6,"minecraft:oak_planks":8,"minecraft:charcoal":11,"minecraft:cobblestone":8,"exnihilosequentia:stone_hammer":1,"exnihilosequentia:flint_mesh":1,"tconstruct:crafting_station":1,"minecraft:stick":8,"minecraft:torch":8,"exnihilosequentia:wooden_crook":4,"minecraft:air":0,"exnihilosequentia:string_mesh":1,"exnihilosequentia:oak_sieve":1},"minecraft:used":{"exnihilosequentia:oak_barrel":3,"exnihilosequentia:granite_pebble":3,"minecraft:chest":4,"exnihilosequentia:oak_sieve":2,"minecraft:gravel":12,"minecraft:torch":2,"exnihilosequentia:wooden_crook":413,"minecraft:cobblestone":8,"minecraft:oak_slab":44,"exnihilosequentia:basalt_pebble":1,"exnihilosequentia:stone_hammer":8,"minecraft:furnace":1,"minecraft:oak_sapling":12,"exnihilosequentia:blackstone_pebble":1,"tconstruct:crafting_station":1,"constructionwand:stone_wand":9,"exnihilosequentia:silkworm":1,"exnihilosequentia:stone_pebble":7,"minecraft:cooked_beef":1},"minecraft:custom":{"minecraft:time_since_rest":42891,"minecraft:interact_with_furnace":9,"minecraft:sprint_one_cm":642,"minecraft:damage_taken":10,"minecraft:walk_one_cm":21802,"minecraft:use_wand":34,"minecraft:open_chest":17,"minecraft:crouch_one_cm":3166,"minecraft:play_time":42891,"minecraft:sneak_time":2938,"minecraft:jump":7,"minecraft:leave_game":1,"minecraft:time_since_death":42891,"minecraft:total_world_time":42891,"minecraft:fall_one_cm":269},"minecraft:mined":{"minecraft:oak_sapling":1,"exnihilosequentia:oak_sieve":1,"minecraft:oak_log":56,"minecraft:gravel":12,"minecraft:cobblestone":8,"minecraft:oak_leaves":363,"exnihilosequentia:infested_leaves":50}},"DataVersion":2975}